Name,Team,Position,Played,PassingYards,PassingTouchdowns,PassingInterceptions,RushingYards,RushingTouchdowns,Receptions,ReceivingYards,ReceivingTouchdowns,FumblesLost,FantasyPointsPerGame,FantasyPoints
Russell Wilson,SEA,QB,16,3983,34,11,586,3,0,0,0,3,21.7,347.92
Todd Gurley,LAR,RB,15,0,0,0,1305,13,64,788,6,2,21.3,319.3
Cam Newton,CAR,QB,16,3302,22,16,754,6,0,0,0,1,18.7,299.48
Tom Brady,NE,QB,16,4577,32,8,28,0,0,0,0,3,18.5,295.88
Alex Smith,KC,QB,15,4042,26,5,355,1,0,0,0,1,19.7,295.18
Carson Wentz,PHI,QB,13,3296,33,7,299,0,0,0,0,3,21.7,281.74
Kirk Cousins,WAS,QB,16,4093,27,13,179,4,0,0,0,5,17.4,277.62
Matthew Stafford,DET,QB,16,4446,29,10,98,0,0,0,0,7,17.1,273.64
Philip Rivers,LAC,QB,16,4515,28,10,-2,0,0,0,0,1,16.9,270.4
Drew Brees,NO,QB,16,4334,23,8,12,2,0,0,0,0,16.4,262.56
Ben Roethlisberger,PIT,QB,15,4251,28,14,47,0,0,0,0,1,17.4,260.74
Dak Prescott,DAL,QB,16,3324,22,13,357,6,0,0,0,3,16.3,260.66
Le'Veon Bell,PIT,RB,15,0,0,0,1291,9,85,655,2,2,17.1,256.6
Jared Goff,LAR,QB,15,3804,28,7,51,1,0,0,0,3,17,255.26
Blake Bortles,JAX,QB,16,3687,21,13,322,2,0,0,0,3,15.6,249.68
Kareem Hunt,KC,RB,16,0,0,0,1327,8,53,455,3,1,15.1,242.2
Case Keenum,MIN,QB,15,3547,22,7,160,1,0,0,0,1,15.9,237.88
Alvin Kamara,NO,RB,16,0,0,0,728,8,81,826,5,1,14.6,233.4
Melvin Gordon,LAC,RB,16,0,0,0,1105,8,58,476,4,0,14.4,230.1
Matt Ryan,ATL,QB,16,4095,20,12,143,0,0,0,0,3,14.3,228.1
Tyrod Taylor,BUF,QB,15,2799,14,4,427,4,0,0,0,2,14.8,222.66
Mark Ingram,NO,RB,16,0,0,0,1124,12,58,416,0,3,13.8,220
DeAndre Hopkins,HOU,WR,15,0,0,0,0,0,96,1378,13,1,14.3,213.8
Andy Dalton,CIN,QB,16,3320,25,12,99,0,0,0,0,4,13.2,210.7
Marcus Mariota,TEN,QB,15,3232,13,15,312,5,0,0,0,1,14,210.48
Antonio Brown,PIT,WR,14,0,0,0,0,0,101,1533,9,0,15,209.3
Derek Carr,OAK,QB,15,3496,22,13,66,0,0,0,0,3,13.8,206.44
Jacoby Brissett,IND,QB,16,3098,13,7,260,4,0,0,0,3,12.9,205.92
Josh McCown,NYJ,QB,13,2926,18,9,124,5,0,0,0,4,15.8,205.44
LeSean McCoy,BUF,RB,16,0,0,0,1138,6,59,448,2,1,12.8,204.6
Jameis Winston,TB,QB,13,3504,19,11,135,1,0,0,0,7,15.5,201.66
Leonard Fournette,JAX,RB,13,0,0,0,1040,9,36,302,1,0,14.9,194.2
Eli Manning,NYG,QB,15,3468,19,13,26,1,0,0,0,5,12.5,187.32
Joe Flacco,BAL,QB,16,3141,18,13,54,1,0,0,0,0,11.6,185.04
Keenan Allen,LAC,WR,16,0,0,0,9,1,102,1393,6,0,11.4,182.2
Ezekiel Elliott,DAL,RB,10,0,0,0,983,7,26,269,2,1,17.7,177.2
Jordan Howard,CHI,RB,16,0,0,0,1122,9,23,125,0,1,11,176.7
Deshone Kizer,CLE,QB,15,2894,11,22,419,5,0,0,0,6,11.7,175.66
Carlos Hyde,SF,RB,16,0,0,0,940,8,59,350,0,1,10.9,175
Deshaun Watson,HOU,QB,7,1699,19,8,269,2,0,0,0,1,24.1,168.86
Dion Lewis,NE,RB,16,0,0,0,896,6,32,214,3,0,10.3,165
Devonta Freeman,ATL,RB,14,0,0,0,865,7,36,317,1,1,11.7,164.2
Tyreek Hill,KC,WR,15,0,0,1,59,0,75,1183,7,0,10.9,164.2
Marvin Jones,DET,WR,16,0,0,0,0,0,61,1101,9,0,10.3,164.1
Julio Jones,ATL,WR,16,0,0,0,15,0,88,1444,3,0,10.2,163.9
Rob Gronkowski,NE,TE,14,0,0,0,0,0,69,1084,8,0,11.3,158.4
Jay Cutler,MIA,QB,14,2666,19,14,32,0,0,0,0,0,11.3,157.84
Lamar Miller,HOU,RB,16,0,0,0,888,3,36,327,3,0,9.8,157.5
Brandin Cooks,NE,WR,16,0,0,0,40,0,65,1082,7,0,9.8,156.2
Michael Thomas,NO,WR,16,0,0,0,0,0,104,1245,5,0,9.7,154.5
Larry Fitzgerald,ARI,WR,16,21,0,0,0,0,109,1156,6,1,9.5,152.44
AJ Green,CIN,WR,16,0,0,0,0,0,75,1078,8,2,9.5,151.8
Travis Kelce,KC,TE,15,0,0,1,7,0,83,1038,8,0,10,150.5
Adam Thielen,MIN,WR,16,0,0,0,11,0,91,1276,4,2,9.3,148.7
Christian McCaffrey,CAR,RB,16,0,0,0,435,2,80,651,5,1,9.3,148.6
Davante Adams,GB,WR,14,0,0,0,0,0,74,885,10,0,10.6,148.5
Doug Baldwin,SEA,WR,16,0,0,0,-8,0,75,991,8,0,9.3,148.3
Jarvis Landry,MIA,WR,16,0,0,0,-7,0,112,987,9,2,9.2,148
Alex Collins,BAL,RB,15,0,0,0,973,6,23,187,0,2,9.9,148
CJ Anderson,DEN,RB,16,0,0,0,1007,3,28,224,1,1,9.2,147.1
Frank Gore,IND,RB,16,0,0,0,961,3,29,245,1,0,9,144.6
Marshawn Lynch,OAK,RB,15,0,0,0,891,7,20,151,0,1,9.6,144.2
Latavius Murray,MIN,RB,16,0,0,0,842,8,15,103,0,0,8.9,142.5
Duke Johnson,CLE,RB,16,0,0,0,348,4,74,693,3,2,8.9,142.1
Tevin Coleman,ATL,RB,15,0,0,0,628,5,27,299,3,0,9.4,140.7
Alshon Jeffery,PHI,WR,16,0,0,0,0,0,57,789,9,0,8.7,138.9
Robby Anderson,NYJ,WR,16,0,0,0,9,0,63,941,7,0,8.6,137
Mitch Trubisky,CHI,QB,12,2193,7,7,248,2,0,0,0,3,11.2,134.52
Stefon Diggs,MIN,WR,14,0,0,0,13,0,64,849,8,0,9.6,134.2
Juju Smith-Schuster,PIT,WR,14,0,0,0,0,0,58,917,7,0,9.6,133.7
Golden Tate,DET,WR,16,0,0,0,22,0,92,1003,5,1,8.3,132.5
DeMarco Murray,TEN,RB,15,0,0,0,659,6,39,266,1,1,8.8,132.5
Mike Evans,TB,WR,15,0,0,0,0,0,71,1001,5,0,8.8,132.1
Devin Funchess,CAR,WR,16,0,0,0,0,0,63,840,8,0,8.2,132
Nelson Agholor,PHI,WR,16,0,0,0,7,1,62,768,8,0,8.2,131.5
Aaron Rodgers,GB,QB,7,1675,16,6,126,0,0,0,0,1,18.5,129.6
Zach Ertz,PHI,TE,14,0,0,0,0,0,74,824,8,1,9.2,128.4
Jerick McKinnon,MIN,RB,16,0,0,0,570,3,51,421,2,2,7.9,127.1
Trevor Siemian,DEN,QB,11,2285,12,14,127,1,0,0,0,2,11.5,126.1
Derrick Henry,TEN,RB,16,0,0,0,744,5,11,136,1,0,7.8,124
Brett Hundley,GB,QB,11,1836,9,12,270,2,1,10,0,2,11.2,123.44
Demaryius Thomas,DEN,WR,16,0,0,0,0,0,83,949,5,1,7.7,122.9
Bilal Powell,NYJ,RB,15,0,0,0,772,5,23,170,0,1,8.1,122.2
Javorius Allen,BAL,RB,16,0,0,0,591,4,46,250,2,0,7.5,120.1
Orleans Darkwa,NYG,RB,15,0,0,0,751,5,19,116,0,0,7.9,118.7
T.Y. Hilton,IND,WR,16,0,0,0,0,0,57,966,4,1,7.4,118.6
Jamaal Williams,GB,RB,16,0,0,0,556,4,25,262,2,0,7.4,117.8
Dez Bryant,DAL,WR,16,0,0,0,-4,0,69,838,6,1,7.3,117.4
Kenny Stills,MIA,WR,16,0,0,0,0,0,58,847,6,2,7.3,116.7
Isaiah Crowell,CLE,RB,16,0,0,0,853,2,28,182,0,1,7.2,115.5
Cooper Kupp,LAR,WR,15,0,0,0,0,0,62,869,5,1,7.7,114.9
Jimmy Graham,SEA,TE,16,0,0,0,0,0,57,520,10,0,7.1,114
Michael Crabtree,OAK,WR,14,0,0,0,0,0,58,618,8,0,8.1,113.8
Marquise Goodwin,SF,WR,16,0,0,0,44,0,56,962,2,0,7,112.6
Chris Thompson,WAS,RB,10,0,0,0,294,2,39,510,4,2,11.2,112.4
Joe Mixon,CIN,RB,14,0,0,0,626,4,30,287,0,2,8,111.3
Jay Ajayi,PHI,RB,14,0,0,0,873,1,24,158,1,2,7.9,111.1
Jermaine Kearse,NYJ,WR,16,0,0,0,0,0,65,810,5,0,6.9,111
Amari Cooper,OAK,WR,14,0,0,0,4,0,48,680,7,0,7.9,110.4
Kenyan Drake,MIA,RB,16,0,0,0,644,3,32,239,1,2,6.9,110.3
Evan Engram,NYG,TE,15,0,0,0,14,0,64,722,6,0,7.3,109.6
Jonathan Stewart,CAR,RB,15,0,0,0,680,6,8,52,1,3,7.3,109.2
Giovani Bernard,CIN,RB,16,0,0,0,458,2,43,389,2,0,6.8,108.7
Mohamed Sanu,ATL,WR,15,51,1,0,10,0,67,703,5,0,7.2,107.34
Robert Woods,LAR,WR,12,0,0,0,12,0,56,781,5,1,8.9,107.3
Sammy Watkins,LAR,WR,15,0,0,0,0,0,39,593,8,0,7.2,107.3
Ted Ginn,NO,WR,15,0,0,0,39,0,53,787,4,0,7.1,106.6
Paul Richardson,SEA,WR,16,0,0,0,0,0,44,703,6,0,6.6,106.3
Rishard Matthews,TEN,WR,14,0,0,0,-3,0,53,795,4,0,7.4,103.2
Carson Palmer,ARI,QB,7,1978,9,7,12,0,0,0,0,0,14.6,102.32
Kyle Rudolph,MIN,TE,16,0,0,0,0,0,57,532,8,0,6.3,101.2
Theo Riddick,DET,RB,16,0,0,0,286,3,53,444,2,1,6.3,101
Delanie Walker,TEN,TE,16,0,0,0,-2,1,74,807,3,2,6.3,100.5
Rex Burkhead,NE,RB,10,0,0,0,264,5,30,254,3,0,10,99.8
LeGarrette Blount,PHI,RB,16,0,0,0,766,2,8,50,1,1,6.2,99.6
Ameer Abdullah,DET,RB,14,0,0,0,552,4,25,162,1,1,7.1,99.4
Mike Wallace,BAL,WR,15,0,0,0,4,0,52,748,4,0,6.6,99.2
Cameron Brate,TB,TE,16,0,0,0,0,0,48,591,6,0,5.9,95.1
Tyrell Williams,LAC,WR,16,0,0,0,0,0,43,728,4,1,5.9,94.8
Jamison Crowder,WAS,WR,15,0,0,0,34,0,66,789,3,3,6.3,94.3
Randall Cobb,GB,WR,15,10,0,0,17,0,66,653,4,0,6.2,93.4
Marqise Lee,JAX,WR,14,0,0,0,17,0,56,702,3,0,6.6,91.9
Tarik Cohen,CHI,RB,16,21,1,0,370,2,53,353,1,2,5.7,91.14
Keelan Cole,JAX,WR,16,0,0,0,0,0,42,748,3,1,5.7,90.8
Travis Benjamin,LAC,WR,16,0,0,0,96,0,34,567,4,0,5.6,90.3
Jack Doyle,IND,TE,15,0,0,0,0,0,80,690,4,2,5.9,89
CJ Beathard,SF,QB,7,1430,4,6,136,3,0,0,0,2,12.7,88.8
DeSean Jackson,TB,WR,14,0,0,0,38,0,50,668,3,0,6.3,88.6
Kelvin Benjamin,BUF,WR,14,0,0,0,0,0,48,692,3,0,6.2,87.2
Jimmy Garoppolo,SF,QB,6,1560,7,5,11,1,1,-6,0,0,14.5,86.9
Samaje Perine,WAS,RB,16,0,0,0,603,1,22,182,1,2,5.4,86.5
Sterling Shepard,NYG,WR,11,0,0,0,4,0,59,731,2,0,7.8,85.5
Will Fuller,HOU,WR,10,0,0,0,9,0,28,423,7,0,8.5,85.2
Josh Doctson,WAS,WR,16,0,0,0,-14,0,35,502,6,0,5.3,84.8
Jordy Nelson,GB,WR,15,0,0,0,0,0,53,482,6,0,5.6,84.2
Jason Witten,DAL,TE,16,0,0,0,0,0,63,560,5,1,5.2,84
Matt Forte,NYJ,RB,12,0,0,0,381,2,37,293,1,1,7,83.4
Martavis Bryant,PIT,WR,15,0,0,0,22,0,50,603,3,0,5.5,82.5
Matt Breida,SF,RB,16,0,0,0,465,2,21,180,1,0,5.2,82.5
Tyler Kroft,CIN,TE,16,0,0,0,0,0,42,404,7,0,5.2,82.4
Corey Clement,PHI,RB,16,0,0,0,321,4,10,123,2,0,5.2,82.4
Marlon Mack,IND,RB,14,0,0,0,358,3,21,225,1,0,5.9,82.3
Hunter Henry,LAC,TE,14,0,0,0,0,0,45,579,4,0,5.8,81.9
Ryan Grant,WAS,WR,16,0,0,0,0,0,45,573,4,0,5.1,81.3
Austin Ekeler,LAC,RB,16,0,0,0,260,2,27,279,3,2,5,79.9
Eric Ebron,DET,TE,16,0,0,0,0,0,53,574,4,1,5,79.4
Vernon Davis,WAS,TE,16,0,0,0,0,0,43,648,3,2,4.9,78.8
Jared Cook,OAK,TE,16,0,0,0,0,0,54,688,2,1,4.9,78.8
James White,NE,RB,14,0,0,0,171,0,56,429,3,0,5.6,78
Danny Amendola,NE,WR,15,0,0,0,0,0,61,659,2,0,5.2,77.9
Benjamin Watson,BAL,TE,16,0,0,0,0,0,61,522,4,0,4.8,76.2
Chris Hogan,NE,WR,9,0,0,0,17,0,34,439,5,0,8.4,75.6
OJ Howard,TB,TE,14,0,0,0,0,0,26,432,6,2,5.4,75.2
Albert Wilson,KC,WR,13,0,0,0,6,0,42,554,3,0,5.7,74
Ryan Fitzpatrick,TB,QB,6,1103,7,3,78,0,0,0,0,0,12.3,73.92
Rod Smith,DAL,RB,15,0,0,0,232,4,19,202,1,0,4.9,73.4
Tyler Lockett,SEA,WR,16,0,0,0,58,0,45,555,2,0,4.6,73.3
Devante Parker,MIA,WR,13,0,0,0,0,0,57,670,1,0,5.6,73
Brandon LaFell,CIN,WR,16,0,0,0,0,0,52,548,3,0,4.6,72.8
Jaron Brown,ARI,WR,16,0,0,0,0,0,31,477,4,0,4.5,71.7
Aaron Jones,GB,RB,12,0,0,0,448,4,9,22,0,0,5.9,71
Wayne Gallman,NYG,RB,13,0,0,0,476,0,34,193,1,1,5.5,70.9
Austin Hooper,ATL,TE,16,0,0,0,0,0,49,526,3,0,4.4,70.6
Peyton Barber,TB,RB,16,0,0,0,423,3,16,114,0,1,4.4,69.7
Ty Montgomery,GB,RB,8,0,0,0,273,3,23,173,1,0,8.6,68.6
Brock Osweiler,DEN,QB,6,1088,5,5,66,1,0,0,0,1,11.4,68.12
Adrian Peterson,ARI,RB,10,0,0,0,529,2,11,70,0,2,6.8,67.9
Charles Clay,BUF,TE,13,0,0,0,0,0,49,558,2,0,5.2,67.8
Mike Gillislee,NE,RB,9,0,0,0,383,5,1,15,0,1,7.5,67.8
Adam Humphries,TB,WR,16,0,0,0,6,0,61,631,1,1,4.2,67.7
Emmanuel Sanders,DEN,WR,12,0,0,0,0,0,47,555,2,0,5.6,67.5
Kendall Wright,CHI,WR,16,0,0,0,0,0,59,614,1,0,4.2,67.4
Deonte Thompson,BUF,WR,16,0,0,0,-5,0,38,555,2,0,4.2,67
Doug Martin,TB,RB,11,0,0,0,406,3,9,84,0,1,6.1,67
Kenny Golladay,DET,WR,11,0,0,0,9,0,28,477,3,0,6.1,66.6
Alfred Morris,DAL,RB,14,0,0,0,547,1,7,45,0,0,4.7,65.2
JJ Nelson,ARI,WR,16,0,0,0,37,0,29,508,2,1,4,64.5
Brian Hoyer,NE,QB,11,1287,4,4,4,1,0,0,0,1,5.8,63.88
Marcedes Lewis,JAX,TE,16,0,0,0,0,0,24,318,5,0,4,63.8
Chris Ivory,JAX,RB,14,0,0,0,382,1,21,175,1,2,4.6,63.7
George Kittle,SF,TE,15,0,0,0,0,0,43,515,2,0,4.2,63.5
JD McKissic,SEA,RB,13,0,0,0,187,1,34,266,2,0,4.9,63.3
David Njoku,CLE,TE,16,0,0,0,1,0,32,386,4,0,3.9,62.7
Eric Decker,TEN,WR,16,0,0,0,0,0,54,563,1,0,3.9,62.3
Jeremy Maclin,BAL,WR,12,0,0,0,0,0,40,440,3,0,5.2,62
Blaine Gabbert,ARI,QB,5,1086,6,6,82,0,0,0,0,2,12.3,61.64
Devontae Booker,DEN,RB,13,0,0,0,299,1,30,275,0,1,4.7,61.4
Allen Hurns,JAX,WR,10,0,0,0,0,0,39,484,2,0,6,60.4
Elijah McGuire,NYJ,RB,16,0,0,0,315,1,17,177,1,2,3.7,59.2
Jalen Richard,OAK,RB,16,0,0,0,275,1,27,256,1,3,3.7,59.1
Chris Godwin,TB,WR,16,0,0,0,0,0,34,525,1,0,3.7,58.5
Terrance Williams,DAL,WR,16,0,0,0,15,0,53,568,0,0,3.6,58.3
Kerwynn Williams,ARI,RB,16,0,0,0,426,1,10,93,0,0,3.6,57.9
TJ Yeldon,JAX,RB,10,0,0,0,253,2,30,224,0,1,5.8,57.7
Garrett Celek,SF,TE,16,0,0,0,0,0,21,336,4,0,3.6,57.6
Julius Thomas,MIA,TE,14,0,0,0,0,0,41,388,3,0,4.1,56.8
Trey Burton,PHI,TE,15,0,0,0,0,0,23,248,5,0,3.8,56.8
Cole Beasley,DAL,WR,15,0,0,0,0,0,36,314,4,0,3.7,55.4
Jesse James,PIT,TE,16,0,0,0,0,0,43,372,3,0,3.4,55.2
Cordarrelle Patterson,OAK,WR,16,0,0,0,121,2,31,309,0,0,3.4,55
Torrey Smith,PHI,WR,16,0,0,0,-3,0,36,430,2,0,3.4,54.7
Dalvin Cook,MIN,RB,4,0,0,0,354,2,11,90,0,1,13.6,54.4
Roger Lewis,NYG,WR,15,0,0,0,0,0,36,416,2,0,3.6,53.6
Bennie Fowler,DEN,WR,16,0,0,0,0,0,29,350,3,0,3.3,53
Trent Taylor,SF,WR,15,0,0,0,0,0,43,430,2,1,3.5,53
Austin Seferian-Jenkins,NYJ,TE,13,0,0,0,0,0,50,357,3,1,4,51.7
Donte Moncrief,IND,WR,12,0,0,0,0,0,26,391,2,0,4.3,51.1
Deandre Washington,OAK,RB,15,0,0,0,153,2,34,197,1,1,3.4,51
D'Onta Foreman,HOU,RB,10,0,0,0,327,2,6,83,0,1,5.1,51
Tom Savage,HOU,QB,8,1412,5,6,2,0,0,0,0,7,6.3,50.68
Drew Stanton,ARI,QB,5,894,6,5,7,0,0,0,0,0,10.1,50.46
Brandon Coleman,NO,WR,16,0,0,0,0,0,23,364,3,2,3.2,50.4
Pierre Garcon,SF,WR,8,0,0,0,0,0,40,500,0,0,6.2,50
Ed Dickson,CAR,TE,16,0,0,0,0,0,30,437,1,0,3.1,49.7
Brice Butler,DAL,WR,13,0,0,0,0,0,15,317,3,0,3.8,49.7
Antonio Gates,LAC,TE,16,0,0,0,0,0,30,316,3,0,3.1,49.6
Odell Beckham Jr,NYG,WR,4,0,0,0,8,0,25,302,3,0,12.2,49
John Brown,ARI,WR,10,0,0,0,10,0,21,299,3,0,4.9,48.9
Taylor Gabriel,ATL,WR,16,0,0,0,49,0,33,378,1,0,3,48.7
Andre Ellington,HOU,RB,12,0,0,0,55,1,39,369,0,0,4,48.4
TJ Jones,DET,WR,14,0,0,0,0,0,30,399,1,0,3.4,47.9
Seth Roberts,OAK,WR,15,0,0,0,0,0,43,455,1,2,3.2,47.5
Bruce Ellington,HOU,WR,11,0,0,0,17,0,29,330,2,0,4.2,46.7
Charcandrick West,KC,RB,13,0,0,0,72,2,27,150,2,0,3.6,46.2
Jamaal Charles,DEN,RB,14,0,0,0,296,1,23,129,0,2,3.2,44.5
Jermaine Gresham,ARI,TE,14,0,0,0,0,0,33,322,2,0,3.2,44.2
Josh Bellamy,CHI,WR,15,0,0,0,6,0,24,376,1,0,2.9,44.2
Zay Jones,BUF,WR,15,0,0,0,0,0,27,316,2,0,2.9,43.6
Seth DeValve,CLE,TE,16,0,0,0,0,0,33,395,1,1,2.7,43.5
Cody Latimer,DEN,WR,11,0,0,0,0,0,19,287,2,0,3.9,42.7
Corey Coleman,CLE,WR,9,0,0,0,0,0,23,305,2,0,4.7,42.5
Tavarres King,NYG,WR,8,0,0,0,3,0,18,240,3,0,5.3,42.3
Nick O'Leary,BUF,TE,15,0,0,0,0,0,22,322,2,1,2.8,42.2
Chris Moore,BAL,WR,13,0,0,0,-9,0,18,248,3,0,3.2,41.9
Rashard Higgins,CLE,WR,15,0,0,0,4,0,27,312,2,1,2.8,41.6
Coby Fleener,NO,TE,11,0,0,0,0,0,22,295,2,0,3.8,41.5
Matt Moore,MIA,QB,4,861,4,5,9,0,0,0,0,0,10.3,41.34
Dontrelle Inman,CHI,WR,12,0,0,0,0,0,25,343,1,0,3.4,40.3
Stephen Anderson,HOU,TE,15,0,0,0,0,0,25,342,1,0,2.7,40.2
Justin Hardy,ATL,WR,16,0,0,0,0,0,20,221,3,0,2.5,40.1
Dede Westbrook,JAX,WR,7,0,0,0,0,0,27,339,1,0,5.7,39.9
Shane Vereen,NYG,RB,16,0,0,1,164,0,44,253,0,0,2.5,39.7
Damien Williams,MIA,RB,11,0,0,0,181,0,20,155,1,0,3.6,39.6
Josh Gordon,CLE,WR,5,0,0,0,0,0,18,335,1,0,7.9,39.5
Luke Willson,SEA,TE,16,0,0,0,0,0,15,153,4,0,2.5,39.3
Rob Kelley,WAS,RB,7,0,0,0,194,3,4,18,0,0,5.6,39.2
Corey Grant,JAX,RB,16,0,0,0,248,2,3,41,0,1,2.4,38.9
Charles Sims,TB,RB,16,0,0,0,95,0,35,249,1,1,2.4,38.4
Ricky Seals-Jones,ARI,TE,9,0,0,0,0,0,12,201,3,0,4.2,38.1
Aldrick Robinson,SF,WR,16,0,0,0,0,0,19,260,2,0,2.4,38
Jacquizz Rodgers,TB,RB,16,0,0,0,244,1,9,74,0,0,2.4,37.8
Kenny Britt,NE,WR,12,0,0,0,0,0,20,256,2,0,3.1,37.6
Alfred Blue,HOU,RB,11,0,0,0,262,1,7,54,0,0,3.4,37.6
Mike Davis,SEA,RB,6,0,0,0,240,0,15,131,0,0,6.2,37.1
Benjamin Cunningham,CHI,RB,14,0,0,0,29,0,20,240,2,1,2.6,36.9
Kyle Juszczyk,SF,FB,14,0,0,0,31,0,33,315,1,2,2.6,36.6
Mike Tolbert,BUF,FB,12,0,0,0,247,1,14,78,0,1,3,36.5
Malcolm Brown,LAR,RB,11,0,0,0,246,1,9,53,0,0,3.3,35.9
Johnny Holton,OAK,WR,16,0,0,0,0,0,9,218,3,2,2.2,35.8
Darren Fells,DET,TE,16,0,0,0,0,0,17,177,3,0,2.2,35.7
Ricardo Louis,CLE,WR,16,0,0,0,0,0,27,357,0,0,2.2,35.7
Gerald Everett,LAR,TE,16,0,0,0,13,0,16,244,2,1,2.2,35.7
Zach Miller,CHI,TE,8,0,0,0,0,0,20,236,2,0,4.4,35.6
Rhett Ellison,NYG,TE,16,0,0,0,0,0,24,235,2,0,2.2,35.5
Tyler Higbee,LAR,TE,16,0,0,0,0,0,25,295,1,0,2.2,35.5
Corey Davis,TEN,WR,11,0,0,0,0,0,34,375,0,1,3.2,35.5
Chester Rogers,IND,WR,11,0,0,0,8,0,23,284,1,0,3.2,35.2
Tyler Boyd,CIN,WR,10,0,0,0,0,0,22,225,2,0,3.4,34.5
AJ Derby,MIA,TE,11,0,0,0,0,0,21,244,2,1,3.1,34.4
TJ Yates,HOU,QB,4,523,4,3,51,0,0,0,0,1,8.5,34.02
Nick Foles,PHI,QB,7,537,5,2,3,0,0,0,0,2,4.8,33.78
Kevin Hogan,CLE,QB,4,517,4,5,71,0,0,0,0,0,8.4,33.78
Mike Glennon,CHI,QB,4,833,4,5,4,0,0,0,0,3,8.4,33.72
Wendell Smallwood,PHI,RB,8,0,0,0,174,1,13,103,0,0,4.2,33.7
Taywan Taylor,TEN,WR,16,0,0,0,43,0,16,231,1,0,2.1,33.4
Jordan Reed,WAS,TE,6,0,0,0,0,0,27,211,2,0,5.5,33.1
Chris Carson,SEA,RB,4,0,0,0,208,0,7,59,1,0,8.2,32.7
Jordan Matthews,BUF,WR,10,0,0,0,0,0,25,282,1,1,3.2,32.2
Jarius Wright,MIN,WR,16,0,0,0,0,0,18,198,2,0,2,31.8
Jakeem Grant,MIA,WR,16,0,0,0,12,0,13,203,2,1,2,31.5
Adam Shaheen,CHI,TE,13,0,0,0,0,0,12,127,3,0,2.4,30.7
Tavon Austin,LAR,WR,16,0,0,0,270,1,13,56,0,4,1.9,30.6
Andre Holmes,BUF,WR,14,0,0,0,0,0,13,120,3,0,2.1,30
Terrelle Pryor,WAS,WR,9,0,0,0,0,0,20,240,1,0,3.3,30
Tion Green,DET,RB,5,0,0,0,165,2,2,14,0,0,6,29.9
Martellus Bennett,NE,TE,9,0,0,0,0,0,30,286,0,0,3.2,28.6
Mack Hollins,PHI,WR,16,0,0,0,0,0,16,226,1,0,1.8,28.6
Demetrius Harris,KC,TE,16,0,0,0,0,0,18,224,1,0,1.8,28.4
Elijhaa Penny,ARI,RB,16,0,0,0,124,2,4,38,0,0,1.8,28.2
Russell Shepard,CAR,WR,15,0,0,0,19,0,17,202,1,0,1.9,28.1
Jonnu Smith,TEN,TE,16,0,0,0,0,0,18,157,2,0,1.7,27.7
Michael Campanaro,BAL,WR,13,0,0,0,42,0,19,173,1,0,2.1,27.5
Sam Bradford,MIN,QB,2,382,3,0,-3,0,0,0,0,0,13.5,26.98
De'Anthony Thomas,KC,WR,16,0,0,0,4,0,14,143,2,0,1.7,26.7
Kapri Bibbs,WAS,RB,3,0,0,0,79,0,14,128,1,0,8.9,26.7
Lance Kendricks,GB,TE,16,0,0,0,0,0,18,203,1,0,1.6,26.3
Jeff Heuerman,DEN,TE,14,0,0,0,0,0,9,142,2,0,1.9,26.2
Terrance West,BAL,RB,5,0,0,0,138,2,2,23,0,1,5.2,26.1
Kendrick Bourne,SF,WR,11,0,0,0,0,0,16,257,0,0,2.3,25.7
Danny Woodhead,BAL,RB,8,0,0,0,56,0,33,200,0,0,3.2,25.6
